numTweets,posting_user,GROUP_CONCAT(url)
1556,tedcruz,"http://votetedcruz.com/ia,https://twitter.com/meetthepress/status/693797624718036993,https://twitter.com/jaketapper/status/693800968970977280,https://www.youtube.com/watch?v=7wHL9XlOPO0,http://votetedcruz.com/ia,https://amp.twimg.com/v/8581bf98-5060-477b-bb8e-543475db251b,http://votetedcruz.com/ia,https://twitter.com/right_pilot/status/693801836877352960,http://tedcruz.org/events,https://twitter.com/iowacruzgirl/status/693834041099993089,http://www.c-span.org/video/?403939-1/ted-cruz-campaign-rally-iowa-city-iowa,http://votetedcruz.com/ia,http://votetedcruz.com/ia,http://votetedcruz.com/ia,http://kxan.com/2016/01/31/most-powerful-man-in-texas-goes-to-iowa-for-cruz/?cid=twitter_KXAN_News,http://votetedcruz.com/ia,https://twitter.com/leonhwolf/status/694006084512526337,http://votetedcruz.com/ia,https://twitter.com/patricksvitek/status/694008608959414272,http://www.redstate.com/absentee/2016/01/31/ted-cruz-live-des-moines-join-now/,https://twitter.com/PatrickSvitek/status/694008608959414272,http://votetedcruz.co"
1337,ColoSenGOP,"http://www.gjsentinel.com/news/articles/cost-shift/,https://twitter.com/denverpost/status/683694403496456193,http://www.thedailybeast.com/articles/2016/01/03/how-liberals-are-the-new-autocrats.html,http://news.investors.com/ibd-editorials/123115-787733-obamanomics-gets-f-grade-for-failing-to-create-economic-growth-jobs.htm?ven=rss,https://www.washingtonpost.com/posteverything/wp/2015/12/30/president-obamas-recent-vetoes-were-unconstitutional-congress-should-sue-him/,http://www.durangoherald.com/article/20160102/OPINION02/160109956/-1/OPINION,http://www.washingtontimes.com/news/2016/jan/3/stephen-moore-the-obama-economic-recovery-that-was/,http://bit.ly/1R7zZLw,http://gazette.com/colorado-sen.-cadman-still-a-believer-in-democratic-process-embarks-on-final-term-in-legislature/article/1567053,http://www.westword.com/news/meet-ross-kaminsky-new-morning-drive-host-on-khow-7479381,http://www.durangoherald.com/article/20160102/OPINION02/160109956/-1/OPINION,http://www.denverpost.com/news/ci_29341012/obama-starts-201"
1174,JohnKasich,"http://www.nbcnews.com/id/3080248/ns/meet_the_press-more/t/meet-press-your-area/#.VoVvfJMrKu4,https://amp.twimg.com/v/7b1d8e40-a7a2-4e73-baec-7fd63038f1e9,https://twitter.com/JohnKasich/status/683708203410964481,https://twitter.com/meetthepress/status/683682748201070593,https://johnkasich.com/BalancingBudgets,https://amp.twimg.com/v/49060e87-6e0c-4cd7-9407-ac3786907718,https://JohnKasich.com/nationalsecurity/,http://JohnKasich.com/PhoneFromHome,https://amp.twimg.com/v/421e4d75-4622-4e2b-9b4c-2f6f22c1cce1,http://ow.ly/i/fGqtN,https://twitter.com/TheFive/status/684506094190788608,https://www.facebook.com/JohnKasich/videos/10153171238615933/?theater,http://www.publicpolicypolling.com/main/2016/01/trump-maintains-lead-in-nh-dem-race-close.html,https://johnkasich.com/blog-posts/in-case-you-missed-it-another-nh-poll-has-john-kasich-in-third-place,https://johnkasich.com/blog-posts/in-case-you-missed-it-another-nh-poll-has-john-kasich-in-third-place/,https://amp.twimg.com/v/de2af642-6de0-42fb-a50d-8c40d3ccf008,https:"
611,marcorubio,"http://rub.io/DiDaKx,http://on.wsj.com/1IG4Yvt,http://rub.io/yRb3vN,http://rub.io/j1dyY1,https://cards.twitter.com/cards/9dh7c/1bpzw,http://apne.ws/1mWNUHS,https://twitter.com/ShaneAGOP/status/683375271785951232,http://rub.io/KLHzA8,https://cards.twitter.com/cards/18ce53ytzur/1bxte,http://time.com/4165730/marco-rubio-gun-control/,https://youtu.be/c59UJHT4pB8,http://rub.io/4rHQcr,https://www.eventbrite.com/e/north-carolina-rally-with-marco-rubio-tickets-20256771549,https://cards.twitter.com/cards/9dh7c/1c324,http://rub.io/UGcbnZ,http://rub.io/iwUXnL,http://rub.io/uQrDcf,https://amp.twimg.com/v/9f45da54-8a81-46a6-bf50-ca46120eeffa,http://rub.io/cHSpH7,https://amp.twimg.com/v/29d8126c-1bcf-4031-a08f-337a8029cb1d,http://natl.re/yPU9ga,http://rub.io/zPTWLp,https://amp.twimg.com/v/4632ddea-20db-43c1-a802-4279f46ad9d5,http://rub.io/Xq2BZ7,http://rub.io/DsbvPY,https://cards.twitter.com/cards/9dh7c/1c324,http://rub.io/DsbvPY,http://rub.io/Xq2BZ7,https://amp.twimg.com/v/f38d30f4-9913-45a9-8d45-8fac5553bf6b,http://youtu"
480,RhodeIslandGOP,"http://ow.ly/WvVoX,http://ow.ly/WpNqm,http://ripr.org/post/tgif-17-things-know-about-rhode-island-politics-media-47,http://ow.ly/WsFyL,http://ow.ly/WvVoX,http://portsmouthrepublicans.com/where-have-our-taxes-gone/,http://ow.ly/3yERvz,http://ow.ly/WpNqm,http://ow.ly/WxibA,http://ow.ly/Wxmf4,http://ow.ly/WxrQg,http://ow.ly/WxSEo,http://ow.ly/WyHZj,http://ow.ly/WpNqm,http://ow.ly/3yERvz,http://ow.ly/WxSEo,http://ow.ly/WyIC7,http://ow.ly/WACqH,http://ow.ly/WACRn,http://ow.ly/WxSEo,http://ow.ly/WxibA,http://ow.ly/WpNqm,http://ow.ly/WARQA,http://gop.cm/1O6eLaZ,http://ow.ly/WxrQg,http://ow.ly/3yERvz,http://portsmouthrepublicans.com/where-have-our-taxes-gone/,http://ow.ly/WpNqm,http://ow.ly/WBZQH,http://ow.ly/WxSEo,https://twitter.com/TedNesi/status/684166175438188544,http://ow.ly/WxrQg,http://ow.ly/3yERvz,http://portsmouthrepublicans.com/where-have-our-taxes-gone/,http://ow.ly/WpNqm,http://ow.ly/WBZQH,http://ow.ly/WxSEo,http://dlvr.it/DBkn1Y,http://ow.ly/WGvgJ,http://ow.ly/WH7Hb,http://ow.ly/WxibA,http://ow.ly/WvVoX"
405,realDonaldTrump,"https://www.facebook.com/video.php?v=10156480193140725,http://WND.com,https://m.facebook.com/DonaldTrump,http://therightscoop.com/media-gleefully-reporting-al-shabab-video-with-trump-ignores-hillary-and-black-lives-matter-are-in-it-too/,https://twitter.com/chriskyleband/status/683768768129024000,http://townhall.com/tipsheet/cortneyobrien/2016/01/04/isis-calls-david-cameron-slave-of-the-white-house-in-new-video-n2099576,https://www.facebook.com/DonaldTrump/posts/10156500910690725:0,https://www.facebook.com/DonaldTrump/posts/10156502334810725:0,https://www.instagram.com/p/BAPvZ-1GhbP/,http://bit.ly/1ITGy1D,http://www.huffingtonpost.com/entry/jeb-bush-liked-republicans_568fba2be4b0c8beacf694f4,https://www.washingtonpost.com/news/the-fix/wp/2016/01/09/still-dont-think-donald-trump-can-win-this-chart-should-convince-you/,http://m.richmond.com/obituaries/article_80ca0100-a435-5a87-814b-03d039e997c2.html?mode=jqm,http://time.com/4170772/the-art-of-the-steal/,http://www.sunherald.com/news/politics-government/article5"
394,indgop,"http://ow.ly/i/fwMmG,http://content.govdelivery.com/accounts/INDOT/bulletins/12e2359#.Voqck-yZWuN.twitter,http://bit.ly/1PaSqcp,http://bit.ly/1OGYoY9,http://indypolitics.org/2016/01/04/senate-gop-candidates-to-debate-january-16/,http://bit.ly/1JTVkjZ,http://indy.st/1PJeAXS,http://ow.ly/WEaXe,http://goo.gl/tsgU0s,http://rokita.house.gov/press-release/rokita-opposes-obama%E2%80%99s-unconstitutional-assault-second-amendment,http://roll.cl/1SxTZqf,http://indy.st/1TEDxTr,http://njour.nl/s/235905?oref=t.co,http://bit.ly/1Z8PF60,http://bit.ly/1RaD4dJ,https://twitter.com/GovPenceIN/status/685146247330709509,http://bit.ly/1OdCB4C,http://youtu.be/68Ws_MmZU-A?a,http://www.wowo.com/Home/ListenNow-Mobile.aspx,http://ow.ly/i/fPd6g,http://www.indiana.gop/internships,http://indgop.org/join-your-county-party,http://www.in.gov/gov,http://on.fb.me/1HwZDQX,https://goo.gl/gAkii1,http://bit.ly/1MxQm1l,http://on.fb.me/1U74WhB,http://ow.ly/i/fPdZM,http://bit.ly/1Jv7mn0,http://in.gov/gov,http://in.gov/gov,https://es.adobeconnect.com/"
324,FloridaGOP,"http://bit.ly/1OGKtuV,http://www.huffingtonpost.com/entry/hillary-clinton-wall-street_568afdc8e4b014efe0db6ff5,http://www.washingtonexaminer.com/obamas-new-gun-control-force-8-times-the-size-of-pentagons-isis-commando-team/article/2579594,http://thehill.com/blogs/blog-briefing-room/news/264650-clinton-aliens-may-have-visited-us-already,http://floridapolitics.com/archives/197615-more-than-23000-sign-petition-calling-for-dnc-to-remove-debbie-wasserman-schultz-as-chair,http://thehill.com/policy/healthcare/264696-cbo-bill-to-gut-obamacare-would-save-half-trillion-over-a-decade,http://floridapolitics.com/archives/197615-more-than-23000-sign-petition-calling-for-dnc-to-remove-debbie-wasserman-schultz-as-chair,http://www.florida.gop/71st_anniversary_bush,http://www.theblaze.com/stories/2016/01/05/clinton-mercilessly-grilled-on-msnbc-whats-the-difference-between-a-democrat-and-a-socialist/,http://washex.am/1PfjQ0L,http://thehill.com/blogs/ballot-box/other-races/265044-liberal-group-demands-dnc-chair-resign,http://www"
318,MissouriGOP,"https://twitter.com/housegop/status/683339854399160321,http://clk.gop/JmkH6u,http://clk.gop/5yC8H3,http://clk.gop/C179Yb,http://clk.gop/y9u5QC,http://clk.gop/z4mqLv,http://clk.gop/wHqAWJ,http://clk.gop/VWuTsx,http://clk.gop/qKNdnF,http://clk.gop/LSzgcj,http://clk.gop/QQXGcM,http://clk.gop/ra9VRN,http://clk.gop/jV2dcG,http://clk.gop/kX35uM,http://clk.gop/2ekojX,http://clk.gop/wHqAWJ,http://clk.gop/sSRy8m,http://clk.gop/hVQC5k,http://clk.gop/5yC8H3,http://clk.gop/aTwoAj,http://clk.gop/fF8bFF,http://clk.gop/wHqAWJ,https://twitter.com/GOP/status/686724029521121280,http://clk.gop/Rsd96t,http://clk.gop/cTMrBU,http://clk.gop/sdu5Yd,http://missouri.gop/volunteer/,http://clk.gop/pnJdR5,https://twitter.com/calebrowden/status/687715543084732416,http://clk.gop/fYxtSo,http://mogop.org,https://twitter.com/farmsteadrealty/status/688433941943050240,http://clk.gop/boqesw,http://clk.gop/8vSw3m,http://clk.gop/boqesw,http://clk.gop/wHqAWJ,http://www.missourinet.com/2016/01/19/2016-missouri-state-of-the-state-address/,https://www"
311,JebBush,"http://on.wsj.com/1SoWJWU,https://cards.twitter.com/cards/1vb0ck/1bxbn,http://jeb.cm/1JlfbgY,http://jeb.cm/1kAcsob,http://jeb.cm/1kAcsV6,https://cards.twitter.com/cards/1vb0ck/1bxbn,https://amp.twimg.com/v/0ad51673-26ac-4754-ac90-cf5ce78b617a,http://jeb.cm/1Z2jtkF,https://amp.twimg.com/v/5a82b564-4807-4929-9514-7080aeca62ab,http://wapo.st/1Urw4qP,http://jeb.cm/1Z2jAfV,https://amp.twimg.com/v/b0b00cba-6814-4e3f-89cc-5ae706b7217c,https://amp.twimg.com/v/4d435299-6caa-4201-99e6-d310ed6ce134,http://jeb.cm/1mDbqsS,http://mil-com.me/1n2AqdC,http://jeb.cm/1Sxatin,https://youtu.be/KeVk8MT2N68,https://amp.twimg.com/v/61871255-add3-4ca9-91cc-49d8ec4d7053,http://bbc.in/1O4rj50,https://amp.twimg.com/v/a8fbe3a6-b90d-497d-a227-0c3c58e336e8,http://jeb.cm/1MTuckV,https://cards.twitter.com/cards/1vb0ck/1cbx5,http://jeb.cm/1JZWnPu,https://amp.twimg.com/v/b08a0f96-4eee-4620-982f-b43519a0dc49,https://amp.twimg.com/v/d644398e-db0b-4142-8549-abf08120e846,https://twitter.com/TayaKyle/status/685273925882871808,http://bloom.bg/1S6Bol"
268,TNGOP,"http://thehill.com/blogs/blog-briefing-room/news/264630-poll-most-name-government-americas-biggest-problem,http://www.politico.com/story/2015/12/2016-presidential-election-tennessee-media-217134,http://spkrryan.us/1Sxzn1k,http://gunsarenext.com,http://ow.ly/WF6oW,http://duncan.house.gov/press-release/gun-executive-orders-unconstitutional,http://ow.ly/WFnLk,http://www.timesfreepress.com/news/local/story/2016/jan/05/tennesseans-should-expect-tv-ads-galore-presi/343224/,http://www.tennessean.com/story/news/politics/2016/01/05/tn-republicans-criticize-obama-gun-action/78299880/,http://abcn.ws/1mBUGTw,https://twitter.com/MBowmanVOA/status/684731782055346176,https://www.washingtonpost.com/news/the-fix/wp/2016/01/06/why-we-should-know-who-the-republican-presidential-nominee-is-by-march-15/,http://goo.gl/itwF8I,http://fleischmann.house.gov/press-release/fleischmann-votes-repeal-obamacare-and-defund-planned-parenthood,https://www.facebook.com/teamronramsey/posts/10153910215295452,http://www.register.gop/,http://www.vo"
243,NCGOP,"http://www.politico.com/story/2015/12/state-dept-to-miss-target-in-clinton-email-release-217255,http://www.forbes.com/sites/patrickgleason/2015/12/31/state-tax-changes/,http://goo.gl/tCgDdt,http://www.charlotteobserver.com/news/politics-government/article53181805.html,https://www.youtube.com/watch?v=msSx7rBUXSg,http://washex.am/1OaEVJL,https://www.youtube.com/watch?v=6rt7mEoaHrA&feature=youtu.be,https://www.youtube.com/watch?v=6rt7mEoaHrA&feature=youtu.be,http://www.washingtonexaminer.com/state-dumps-thousands-of-clinton-emails-at-1-a.m./article/2579929,http://thehill.com/business-a-lobbying/lobbying-hires/265281-ex-sen-kay-hagan-joins-lobby-firm,https://www.instagram.com/p/BAaZuOaAQpj/,http://abcnews.go.com/Politics/bernie-sanders-takes-slim-lead-hillary-clinton-iowa/story?id=36240514,https://twitter.com/govofficeNC/status/687022958154498048,https://gop.com/the-top-10-broken-promises-of-the-obama-presidency/,http://sotu.gop.gov/,https://twitter.com/SenatorBerger/status/687283051718656001,http://www.rga.org/h"
229,RealBenCarson,"http://on.fb.me/1YXahZx,https://slate.adobe.com/cp/PeeD8/,https://amp.twimg.com/v/63ecdbd3-ba20-4a20-96e7-51db2d81d4ad,http://crsn.co/BCyardsigns,https://amp.twimg.com/v/fe2f85c3-503b-45f5-8b7a-d99b6aa426b7,http://www.breitbart.com/big-government/2016/01/04/dr-ben-carson-proposes-14-9-percent-flat-tax-throw-current-tax-code/,https://vine.co/v/ibPUPKlqrAr,http://bencarson.com/issues/tax-reform,https://amp.twimg.com/v/1753e9a2-9fd9-47bb-ba5b-a6838690b664,http://bencarson.com/students,http://bencarson.com/issues/tax-reform,https://amp.twimg.com/v/7efc6831-46ab-4d5a-aae2-53a22a1fc20e,http://crsn.co/1R9Iupv,http://crsn.co/PrescriptionForGrowth,http://crsn.co/CarsonFlatTax,http://crsn.co/CarsonFlatTax,http://crsn.co/HelpBenReformTax,http://crsn.co/FairTaxSystem,https://twitter.com/TomLatham/status/684830589208363008,https://amp.twimg.com/v/bdfd37af-219c-4bac-b6f1-adfebf101a5c,https://amp.twimg.com/v/771e1351-c7b1-4c6a-968c-b8a73e17b73a,http://on.msnbc.com/1PQ1GHs,http://crsn.co/1ORmnO6,https://twitter.com/Jmrhosbor"
212,KYSenateGOP,"http://bit.ly/CapitolConnection,https://twitter.com/kytonightket/status/684190862637674497,http://KET.org/legislature,http://www.ket.org/public-affairs/senate-president-robert-stivers/,https://twitter.com/adambeam/status/684389372523855872,http://bit.ly/1Z3TMux,http://www.ket.org/public-affairs/on-the-eve-of-a-new-legislative-session/,https://www.facebook.com/media/set/?set=a.986027001470284.1073741987.428596363880020&type=3,https://www.instagram.com/kysenate.gop/,https://www.youtube.com/watch?v=GDwpJjTZiDs,http://www.ket.org/legislature/,http://www.ket.org/legislature/?legislation=senate&autoplay=true,https://kysenategop.wordpress.com/2016/01/06/kentucky-senate-majority-files-priority-legislation-for-2016-regular-session/,https://twitter.com/SenatorSchickel/status/685098830250008576,https://twitter.com/kysenategop/status/685181383489261568,http://ket.org/live,http://www.ket.org/live,https://twitter.com/billket/status/685276004106027008,http://www.lrc.ky.gov/legislative_calendar/index.aspx,http://www.ket.org/"
200,PASenateGOP,"http://dlvr.it/DB53zN,http://PASenateGOP.com,http://dlvr.it/DBbcTz,http://dlvr.it/DBcZGn,http://dlvr.it/DCyyYc,http://dlvr.it/DD0DSH,http://PASenateGOP.com,http://senateaddress.pasen.gov,http://dlvr.it/DGvfw9,http://PASenateGOP.com,http://PASenateGOP.com,http://goo.gl/P020jO,http://PASenateGOP.com,http://PASenateGOP.com,http://goo.gl/P020jO,http://PASenateGOP.com,http://dlvr.it/DKrkhd,http://dlvr.it/DKvRCW,http://dlvr.it/DLTvL5,http://PASenateGOP.com,http://PASenateGOP.com,http://PASenateGOP.com,http://PASenateGOP.com,http://goo.gl/P020jO,http://PASenateGOP.com,http://PASenateGOP.com,http://dlvr.it/KKyz63,http://dlvr.it/KKyvqC,http://bit.ly/1PKPBVA,http://dlvr.it/KNB4lH,http://PASenateGOP.com,http://dlvr.it/KNhHqy,http://thetimes-tribune.com/news/state-budget-impasse-cost-school-districts-up-to-50-million-to-date-1.2002286,http://dlvr.it/KQ9mVS,http://PASenateGOP.com,http://dlvr.it/KQl8MJ,http://dlvr.it/KQnCnG,http://PASenateGOP.com,http://dlvr.it/KS3Sny,http://dlvr.it/KS53xR,http://dlvr.it/KS79RF,http://dlvr"
199,MISenate,"http://www.freep.com/story/money/business/michigan/2016/01/02/5-trends-watch-state-economy/78012668/,https://twitter.com/JohnMProos/status/684475846392987648,http://bit.ly/1mFI1ig,http://ow.ly/WOgYV,http://bit.ly/1mYvN4G,http://1.usa.gov/1njLeo4,00.html,4668,7-277-74857_74858---,http://www.michigan.gov/snyder/0,http://senate.michigan.gov,http://bit.ly/1nm8IJi,http://bit.ly/1OGNqN0,http://bit.ly/1Pkp80Y,http://bit.ly/1OGNqN0,http://bit.ly/1Pn5cdN,http://bit.ly/1OL9LZT,http://bit.ly/1OLop3l,https://twitter.com/MichStatePolice/status/690591273296752641,http://1.usa.gov/1OtGW3K,http://fb.me/7TSeSAQTu,http://bit.ly/1PE1DQC,http://bit.ly/1PF14py,http://bit.ly/1PHJilN,http://bit.ly/1KKf61E,http://bit.ly/1KKf61E,http://bit.ly/1NMpshw,http://www.micollegegoal.org,http://bit.ly/1XZXpkV,http://bit.ly/1OGNqN0,http://bit.ly/1OGNqN0,http://bit.ly/1XZXpkV,http://bit.ly/20F5XAV,http://bit.ly/1XZXpkV,http://bit.ly/1OGNqN0,http://bit.ly/1OGNqN0,http://bit.ly/1nNmpRC,http://bit.ly/1XZXpkV,http://bit.ly/1XZXpkV,http://bit.ly/1OG"
160,massgop,"https://twitter.com/PatriotLedger/status/684035622533599232,https://twitter.com/MassGovernor/status/684035947508314112,http://www.thesunchronicle.com/news/local_news/kevin-dumas-prepares-for-act-as-attleboro-s-mayor/article_4a94a482-bb8f-5e0f-a713-d5049932a27a.html,http://www.patriotledger.com/article/20160104/NEWS/160108854,http://www.patriotledger.com/article/20160104/NEWS/160108747,https://www.facebook.com/events/445893705614807/,http://scituate.wickedlocal.com/news/20160106/legislative-highlights-hedlund-recalls-most-rewarding-work-within-district,https://twitter.com/MassLtGov/status/684797872232087552,https://twitter.com/PatrickMOConnor/status/684804375617900544,https://twitter.com/the_rga/status/684872511008432128,http://www.bostonherald.com/opinion/editorials/2015/12/editorial_toast_to_local_control,http://www.massgop.com/baker_one_year,https://twitter.com/ejdooley/status/685183470545547265,http://www.salemnews.com/news/local_news/candidates-preparing-for-feb-primary/article_525c757e-3050-542d-bce3-759"
155,gov_gilmore,"https://twitter.com/FoxNews/status/682753929852096512,https://twitter.com/GOPAlert2016/status/683347841243295744,http://tun.in/seq5p,https://twitter.com/AddictionPolicy/status/684400816204177409,https://twitter.com/AddictionPolicy/status/684398812908122112,http://www.wmur.com/health/presidential-candidates-hear-stories-share-ideas-at-addiction-forum/37279944,http://www.necn.com/news/new-england/-Candidates-React-to-Obamas-Executive-Order-on-Guns-364305041.html,http://www.gilmoreforamerica.com/veterans/,https://youtu.be/QeNo-aqOt-4,http://www.c-span.org/video/?401497-14/presidential-candidate-jim-gilmore-republican-jewish-coalition-presidential-forum,https://twitter.com/psutherlandNHPR/status/685117969484087296,http://bit.ly/1RxGNkp,https://twitter.com/SmithAnnev/status/685486386988855296,http://ow.ly/WNCy7,https://twitter.com/tobinharshaw/status/685556996569993216,https://twitter.com/jamie_weinstein/status/685594507572842496,https://twitter.com/NHPSC/status/684815194464333824,https://twitter.com/nhpsc/status/"
150,NHGOP,"http://www.wmur.com/politics/jeb-bush-confirms-appearance-at-nhgops-firstinnation-town-hall/37258572,http://www.wmur.com/politics/jeb-bush-confirms-appearance-at-nhgops-firstinnation-town-hall/37258572,https://twitter.com/RalstonReports/status/684088448865550336,http://nhgop.org/news-press/nh-tax-relief-takes-effect-despite-hassan-budget-veto,http://nhgop.org/news-press/nh-tax-relief-takes-effect-despite-hassan-budget-veto,http://nhgop.org/news-press/nh-tax-relief-takes-effect-despite-hassan-budget-veto,http://nhgop.org/news-press/nh-tax-relief-takes-effect-despite-hassan-budget-veto,https://www.youtube.com/watch?v=w7Hk_CzrnF8,https://twitter.com/DanPKnight/status/684750756482826240,http://nhgop.org/news-press/clinton-campaigns-with-first-in-the-nation-foe,http://nhgop.org/news-press/clinton-campaigns-with-first-in-the-nation-foe,http://nhgop.org/news-press/clinton-campaigns-with-first-in-the-nation-foe,http://nhgop.org/news-press/clinton-campaigns-with-first-in-the-nation-foe,https://twitter.com/SenScottBrow"
141,OhioSenateGOP,"http://ow.ly/WuKBe,http://ow.ly/WztXG,http://www.lsc.ohio.gov/fellowship/,http://ow.ly/WL6fr,http://www.mansfieldnewsjournal.com/story/news/local/2016/01/07/spread-light-week-kicks-saturday/78431710/,http://www.wkyc.com/story/news/local/lorain-county/2015/12/24/diabetes-law-changes/77893956/,http://ow.ly/WTZFv,http://ow.ly/WXZr9,http://ow.ly/X1ynq,http://ow.ly/X3Hgd,http://ow.ly/X4bwm,http://timesgazette.com/news/5069/parking-for-veterans,http://ow.ly/X7PLX,http://ow.ly/X7Rj5,http://ow.ly/XhEFv,http://ow.ly/XhViy,http://eepurl.com/bNwiVH,http://m.newswatchman.com/news/article_b101d38b-31be-5f3a-b4d2-ca0f60e9f431.html?mode=jqm,http://ohiosenate.gov/widener/press/widener-announces-plans-to-retire-after-more-than-two-decades-of-public-service,http://ohiosenate.gov/faber/press/senate-president-faber-issues-statement-on-retirement-of-senator-widener,http://www.publicsafety.ohio.gov/video_challenge/index.html,http://ow.ly/Xw2f4,https://twitter.com/oscpa/status/691717277276884993,http://ow.ly/Xy353,http://ow.ly/XywE"
120,SenateRepCaucus,"http://dlvr.it/DBJ8qd,http://dlvr.it/DBj6Xv,http://dlvr.it/DCBzb6,http://dlvr.it/DCC4Cn,http://dlvr.it/DCC1f0,https://www.periscope.tv/w/aV6nsDE0NDk4NTQ0fDFPeUtBYXBlam1vS2JnM4Xf7AycPdi9JmiLtbOjYyEJ7D4Wi9L25IQLICmT3g==,http://dlvr.it/DCbgzD,http://dlvr.it/DCj1ZC,http://dlvr.it/DCj19r,http://dlvr.it/DCj3vP,http://dlvr.it/DCj1N4,http://dlvr.it/DChzd2,http://dlvr.it/DCj5Rm,http://dlvr.it/DCj4M4,http://dlvr.it/DCj0fs,http://dlvr.it/DChzSc,http://dlvr.it/DCj3Nd,http://dlvr.it/DDD4BX,http://dlvr.it/DFXdhZ,http://dlvr.it/DFXkcV,http://dlvr.it/DFXbtj,http://cssrc.us/content/senate-republican-leader-fuller-recognizes-korean-american-day,http://dlvr.it/DGXdrp,http://dlvr.it/DGXdSW,http://dlvr.it/DGdm6W,http://dlvr.it/DH3tqg,http://dlvr.it/DHXBmB,http://dlvr.it/DHX6xd,http://dlvr.it/DHX9vN,http://dlvr.it/DHXBjp,http://dlvr.it/DHcjg9,http://bit.ly/1OvOovm,http://dlvr.it/DKRvWK,http://dlvr.it/DKYPmh,http://dlvr.it/DKzV6B,http://dlvr.it/DL51hq,https://www.periscope.tv/w/aXEkiDE0NDk4NTQ0fDFCUktqZGRncGJvSndpMXKQacbOl1yv7udt_r"
119,WVGOP,"http://m.register-herald.com/news/cole-predicts-budget-cuts-at-every-turn-but-no-tax/article_66826769-939f-5337-a761-1845e45c8378.html?mode=jqm,http://campaign.r20.constantcontact.com/render?ca=e2234571-a841-4c2e-bbe6-e753467340c8&c=04b00560-7cbb-11e3-baa0-d4ae52754950&ch=055d5c60-7cbb-11e3-bb31-d4ae52754950,http://campaign.r20.constantcontact.com/render?ca=de6e697d-aa73-429d-9d12-32aa39885470&c=5e7129d0-7cbb-11e3-90d9-d4ae52754950&ch=5f1d9670-7cbb-11e3-913d-d4ae52754950,http://campaign.r20.constantcontact.com/render?ca=c04eb48f-62e5-4945-b1f8-b16b10eb6694&c=6c3efdf0-b5c1-11e3-8a55-d4ae52754055&ch=6c489ae0-b5c1-11e3-8a55-d4ae52754055,http://campaign.r20.constantcontact.com/render?ca=1b0ef71e-9bb9-4ac4-b42a-d7e4b8afe5ad&c=d087aa40-7cba-11e3-b43d-d4ae52754950&ch=d1572f40-7cba-11e3-b497-d4ae52754950,https://youtu.be/TfwI70z_gtw,http://campaign.r20.constantcontact.com/render?ca=a172b11b-d756-41f4-a5c9-fb3f5919305b&c=d087aa40-7cba-11e3-b43d-d4ae52754950&ch=d1572f40-7cba-11e3-b497-d4ae52754950,https://m.youtube.com"
103,MSGOP,"http://www.msgop.org/donate/,https://594310.content.nlgrid.com/wf/webmail?rp=ZTI1bGQzTnNaWFIwWlhKZmFXUTZNVEl6TkN4MWMyVnlYMmxrT2pJMU5qVTBmUWV5SnVaWGR6YkdWMGRHVnlYMmxrSWpvaU1qRTRNemswT0RjaUxDSnVaWGR6YkdWMGRHVnlYM1Z6WlhKZmFXUWlPalUyT0RreE5EQXdORE0yZlE9PQ%3D%3D,https://twitter.com/paulgalloshow/status/683794464532467712,http://hill.cm/lcEgVf1,https://twitter.com/GOYoste/status/684422826292547584,http://bit.ly/1ONS3Up,http://cnn.it/1RhUlSJ,http://cnn.it/1RhUqWB,http://1.usa.gov/1kPlKNg,http://www.msgop.org/2016-presidential-straw-poll/,https://twitter.com/mpbonline/status/686935437202558977,http://www.mpbonline.org/blogs/news/2016/01/12/live-inauguration-of-gov-phil-bryant/,https://cards.twitter.com/cards/qf1zdf/1cx0m,https://www.facebook.com/RepTrentKelly/posts/953589761383259,https://amp.twimg.com/v/ca8483f5-7673-400b-ac68-0a59d100ef45,https://trentkelly.house.gov/news/email/show.aspx?ID=E6YQ4UFWNS44O,https://gop.com/debates/,http://spencerritchie80.polldaddy.com/s/who-won-last-night-s-debate,http://ow.ly/X6Y0u,"
96,ILSenateGOP,"http://fb.me/Uc8Lq8Os,http://fb.me/5Cf7GuP1H,http://fb.me/3gxK1flND,http://fb.me/3i0bMNNkJ,http://fb.me/2IHVhbeaF,http://fb.me/75oX5mItF,http://fb.me/3h9rBocDS,http://cityclub-chicago.org/live,http://fb.me/2HpPtk2yb,http://fb.me/7MS2BkOHW,http://fb.me/7sJPYoTZC,http://fb.me/7EhLNeWjQ,http://www.wandtv.com/story/30960527/senate-meets-no-ground-made-on-new-state-budget,http://fb.me/2uy9R0bcA,http://fb.me/24gvc3JFu,http://fb.me/84v333vDT,http://fb.me/4nKt5GOQo,http://fb.me/2gAVtaMQ9,http://fb.me/2tlnFqbT1,http://fb.me/3I7Bp74vf,http://fb.me/76vVHDYGo,http://fb.me/70BxfONve,http://fb.me/5AdXo6fsd,http://fb.me/4MKFigbvU,http://fb.me/46AJIaCpM,http://fb.me/11qyOwgGN,http://fb.me/4wUbEcKi7,http://fb.me/7JpznLB0x,http://fb.me/6XgFAR3Rv,http://fb.me/5WKj2yeUe,http://bit.ly/1O2TOMR,https://www.whitehouse.gov/live,https://www.whitehouse.gov/live,http://www.whitehouse.gov/live,http://fb.me/2lVm1iB9u,http://fb.me/7NpcB9H8s,http://www.illinois.gov/cms/agency/media/radio/SitePages/Radio.aspx,http://fb.me/7xez5RG1A,http://fb"
95,mainegop,"https://twitter.com/reppoliquin/status/686616769151299584,http://bdn.to/wmqn,http://www.mainegop.com/shifty_shady/#.VpgNIhb0pvY.twitter,http://mainesenatepresident.com/emergency-drug-legislation-signed-into-law/,http://mehousegop.org/2016/01/19/house-republican-leaders-statements-on-passage-of-drug-treatment-bill/,http://www.mainegop.com/chairmans-statement-on-passing-of-senator-lois-snowe-mello/#.VqZqaNrDS4o.twitter,http://www.mainegop.com/irresponsible-emily-how-emily-cains-past-rhetoric-about-iran-deal-proves-her-position-was-irresponsible/#.VqZY4ohse-o.twitter,http://www.mainegop.com/irresponsible-emily-how-emily-cains-past-rhetoric-about-iran-deal-proves-her-position-was-irresponsible/#.VqZY4ohse-o.twitter,http://www.themainewire.com/2016/01/fight-heroin-epidemic/,http://bit.ly/1MVEvoO,http://LeadRight2016.com,http://bit.ly/1MVEvoO,https://twitter.com/ilgop/status/695000077492813824,https://twitter.com/rollcall/status/699980134175023104,http://bit.ly/1Un5Nwc,http://www.mainegop.com/caucus,https://youtu.b"
89,IdahoGOP,"http://nyti.ms/1kA9u2Z,http://gop.cm/1O6eViH,http://fb.me/2fn3rjWMC,https://www.washingtonpost.com/news/the-fix/wp/2016/01/06/house-democrats-are-running-out-of-future-leaders/,http://www.idgop.org/page/winter-meeting,https://twitter.com/idahogop/status/685608892324159489,http://idahoptv.org/insession/,https://vine.co/v/iMJ5YtJVlUj,https://twitter.com/bretbaier/status/687101292334854145,https://www.periscope.tv/w/1gqxvwNNjPQKB,https://twitter.com/naghmehabedini/status/688371354165325826,https://gop.com/continuing-the-dream-by-committing-to-community/,http://www.buzzfeed.com/claudiakoerner/inspector-general-clinton-emails-contained-information-beyon,http://LeadRight2016.com,http://frontloading.blogspot.com/2016/01/2016-republican-delegate-allocation_25.html?m=1#.VqakMQtWXMU.twitter,http://hill.cm/Un0O6dX,https://twitter.com/randpaul/status/691815266632798208,https://twitter.com/jamilsmith/status/691825725440135169,https://twitter.com/injo/status/691833385048805384,http://580kido.com/gop-debate-watch-party-this"
83,gophawaii,"http://fxn.ws/1IZA1mn,http://gophawaii.com/?page_id=822,https://youtu.be/hJgoR2CFefA,http://eepurl.com/bMOH71,http://eepurl.com/bM6c6z,http://goo.gl/rTYgOx,https://twitter.com/HawaiiHouseGOP/status/687439110919696386,http://bit.ly/1lpk0KK,http://dlvr.it/DJqkym,https://twitter.com/FoxNews/status/692120255032852482,https://twitter.com/FoxNews/status/692120168525361153,http://bit.ly/1lQWnv1,http://gophawaii.com/?page_id=822,http://goo.gl/MXlBBB,http://goo.gl/broqIX,http://goo.gl/MXlBBB,http://fb.me/40bKq6f68,http://abcn.ws/1obkg23,http://bit.ly/1lQWnv1,http://gophawaii.com/?page_id=822,https://twitter.com/NCSLorg/status/693207057621782528,https://amp.twimg.com/v/cbdeb9cc-e104-428e-8b38-66db4baa45c8,https://twitter.com/Rep_Tupola/status/695072024545378308,http://ow.ly/XXSaK,http://eepurl.com/bPOgMv,http://eepurl.com/bPOjoD,http://eepurl.com/bQh0sv,http://dlvr.it/KTnDpQ,http://cbsn.ws/1SLQhLc,https://twitter.com/CNNPolitics/status/698659099643351040,http://bit.ly/1mFZlTn,http://bit.ly/1PMvXp3,http://bit.ly/1PMvXp3"
74,lagop,"http://klfy.com/2015/12/30/dardenne-raising-taxes-among-options-to-fix-louisianas-budget-crisis/,http://thehayride.com/2016/01/john-bel-edwards-dhh-secretary-is-absolutely-awful-and-her-appointment-shows-he-lied-during-his-campaign/,http://www.lagop.com/blog/2016/1/8/become-a-delegate-to-the-2016-rnc-national-convention,http://www.lagop.com/blog/2016/1/13/edwards-medicaid-expansion-is-bad-fiscal-and-health-care-policy,http://www.lagop.com/blog/2016/1/14/obama-doesnt-have-a-clue-about-louisiana-but-he-did-stay-at-a-holiday-inn-express-last-night,http://thehayride.com/2016/01/fail-not-only-did-john-bel-edwards-lie-about-who-gets-the-credit-for-fixing-i-10-in-baton-rouge-he-lied-about-every-aspect-of-the-story/,http://taxfoundation.org/article/state-and-local-sales-tax-rates-2015,http://www.lagop.com/blog/2016/1/19/hillary-clintion-cashing-in-on-landrieu-favors,http://www.lagop.com/blog/2016/1/19/hillary-clintion-cashing-in-on-landrieu-favors,https://twitter.com/lapoliticsnow/status/690959488497614848,http://the"
71,mnsrc,"http://bit.ly/1JTNqac,https://twitter.com/StarTribune/status/684192705673445378,https://twitter.com/pioneerpress/status/684608747029839873,http://www.senate.leg.state.mn.us/jobs/employment_postings/view_job.php?id=170,http://bit.ly/1UzWLK9,http://buff.ly/1ZaFSXK,https://www.youtube.com/watch?v=_Yz0whV45Es,http://bit.ly/1SJW8z7,http://strib.mn/1UPGfpj,http://buff.ly/1l77vDq,https://youtu.be/8fG4mMIS3TI,https://twitter.com/chrissnowbeck/status/689832494745554944,http://cnnmon.ie/1RA8cni,https://twitter.com/MinnPost/status/689827261462265857,https://www.periscope.tv/w/aXJpvjI2NTUzODJ8MUx5eEJWbXBBTG94Tp7QB4qpxhKDsdvDHKkBBpmGiyYIJrp1i0Udp552wbzr,https://www.periscope.tv/w/aXJs3jI2NTUzODJ8MXJteFBsd2xwZUx4TpdClkiWSkkKxgYz-AqOUHjFVyPb5FHd92EfownXfuxc,http://strib.mn/1nRlNdn,http://bit.ly/1SdSnmJ,http://bit.ly/1PuduyM,http://www.mprnews.org/story/2016/02/04/otto-sues-new-audit-law,https://youtu.be/GtxaUzxHCJc,https://www.periscope.tv/w/aYys1jI2NTUzODJ8MWt2SnB6Tk5RdmFLRXzRUuuMH85CEYs01WkJp97AO0E3LATpmKsn-yox5SSt,https:"
63,NancyBarto,"https://twitter.com/katiepavlich/status/682299596576571392,http://nancybarto.com/wordpress/?p=3428,https://twitter.com/mercymaricopa/status/685531602370207745,https://twitter.com/tumbleweedyouth/status/686585936742842369,https://twitter.com/heathercarteraz/status/687127938551136256,https://twitter.com/emilyjyu/status/688415541267070976,http://nancybarto.com/wordpress/?p=3417,https://twitter.com/ajbaghai/status/689594753319510016,https://twitter.com/azeconomicnews/status/689492717634584576,https://twitter.com/arizotasocialme/status/689635597695123457,https://twitter.com/callisto1947/status/681904427977076736,https://twitter.com/repmattsalmon/status/690273992255496192,https://twitter.com/buccerinancy/status/691971386391281669,https://twitter.com/kengreenberg/status/691975560055164928,https://twitter.com/momiofaz/status/692474420540116992,https://twitter.com/wellnessbymd/status/693695073448374272,https://twitter.com/CarlyleBegay/status/694005676293513216,https://twitter.com/momiofaz/status/695245120455610369,htt"
59,senatenj,"https://www.facebook.com/senatenj/posts/10153557503363612,http://www.senatenj.com/index.php/general/agenda-for-new-jersey-senate-session-on-thursday-january-7-2016/25050,http://www.senatenj.com/index.php/tomkean/kean-nj-dems-ongoing-panynj-obstruction-hurts-commuters-taxpayers/25063,http://www.senatenj.com/index.php/bateman/senate-passes-bateman-legislation-to-increase-standards-for-school-nurse-certification/25062,https://twitter.com/tomkean/status/685216311283171328,https://www.facebook.com/senatenj/photos/a.462917878611.252430.39859378611/10153563737343612/?type=3&theater,http://www.senatenj.com/index.php/tomkean/with-scr-188-dead-kean-rice-committed-to-a-redistricting-solution-for-all-new-jerseyans/25174,https://www.facebook.com/senatenj/posts/10153575376558612,http://www.senatenj.com/index.php/tomkean/now-law-kean-bill-to-create-e-drivers-license-opportunity/25356,http://www.senatenj.com/index.php/holzapfel/christie-signs-holzapfel-bill-to-protect-kids-from-being-hit-by-school-buses/25427#more-25427,http"
36,mdsenategop,"http://fb.me/2lxSVFeCF,http://player.listenlive.co/35701,https://twitter.com/JBJenningsUSA/status/694188075417780225,https://youtu.be/CS-XIWZGbL8,https://youtu.be/_MtYKK-nsvQ,http://bsun.md/1QcDLOe,https://twitter.com/mdsenategop/status/694932140904046592,http://wapo.st/1RjsII1,http://fb.me/29y63xTXp,https://youtu.be/9-HY8o84CcE,http://youtu.be/AHGRZf8DK8I,http://fw.to/eV71ROD,http://governor.maryland.gov/2016/03/01/unbalancing-transportation-in-maryland/,https://youtu.be/k4HgCQVoCFg,http://www.carrollcountytimes.com/columnists/opinion/other_voices/ph-cc-ready-other-voices-030516-20160304-story.html,http://thedailyrecord.com/2016/03/07/carter-conway-vows-to-block-hogan-liquor-board-appointees/,http://bit.ly/1XqF6Ww,http://bit.ly/1XqF6Ww,http://marylandreporter.com/2016/03/17/senate-committee-proposes-100-million-a-year-in-income-tax-relief/,http://fb.me/4rGDrkCgX,http://1.usa.gov/1TSdfiB,https://twitter.com/BoydKRutherford/status/712293549400838144,https://www.facebook.com/mdsenategop/videos/10153379424892327"
35,WashingtonSRC,"http://ow.ly/XOVGv,http://via.q13fox.com/QZGnN,http://ow.ly/Ysamy,http://ow.ly/YIVpQ,http://ow.ly/YIVbp,http://ow.ly/YIVx8,http://ow.ly/YIVB0,http://ow.ly/Z29zX,http://ow.ly/Z29yA,http://tinyurl.com/zvvwtma,http://ow.ly/Z2GBj,http://tinyurl.com/jtuvaz4,http://bit.ly/1VX3vCK,http://ow.ly/Z5LRf,http://ow.ly/Z5TWI,https://www.youtube.com/watch?v=3qM2yuaRPwg,http://ow.ly/ZhaC7,http://ow.ly/Zk2yj,http://tinyurl.com/j7ba4xq,http://ow.ly/ZWjHq,http://ow.ly/103Yd2,http://ow.ly/10h1Ka,http://ow.ly/10hIRG,http://ow.ly/10jFpV,http://bit.ly/25XMqPL,https://youtu.be/0uu-XHjB8SM,http://bit.ly/1SYbzQH,http://bit.ly/1VELk7U,http://bit.ly/240IX0J,http://ow.ly/4n4aT4,http://ow.ly/4n89iN,http://ow.ly/4naiHg,http://ow.ly/4ndBeM,http://ow.ly/4nr2Bn,http://ow.ly/uP2K30034Rt"
32,FLSenateGOP,"http://www.fox13news.com/news/local-news/67283688-story,http://bit.ly/1mIvE4t,http://bit.ly/1kPOe9r,http://floridapolitics.com/archives/198224-vocational-rehab-performance-improvement-plan-clears-higher-education-committee,https://twitter.com/lizbethkb/status/689098518145961984,http://fb.me/751UvzGrK,http://www.tcpalm.com/news/politics/local/senate-passes-negron-bill-to-prohibit-state-business-with-anti-israel-companies-29cd6f54-ac59-477f-e-366091371.html,http://bit.ly/1ZPQNM2,http://fw.to/Mkfoovb,http://bit.ly/LhQ81C,http://www.bradentongulfislands.com/river-regatta/,http://bit.ly/1V0CAFK,http://www.flsenate.gov/Media/PressReleases/Show/2392,http://www.flsenate.gov/Media/PressReleases/Show/2392,http://floridapolitics.com/archives/201294-senate-approves-first-responders-survivors-benefit-bill-honoring-orlando-deputy,http://bit.ly/1B1BPoB,http://bit.ly/1LwZbEk,http://bit.ly/1Q8Bggu,https://twitter.com/JeffAtwater/status/702212335109337089,https://twitter.com/AGPamBondi/status/702608107256619008,http://bit.ly/1"
29,NewMexicoGOP,"http://tinyurl.com/m5tyaya,http://tinyurl.com/m5tyaya,http://tinyurl.com/m5tyaya,http://www.youtube.com/watch?v=jC5PnEtx-E4,http://www.foxbusiness.com/features/2016/01/11/where-can-watch-and-participate-in-gop-debate.html,http://nmpolitics.net/index/2016/01/gov-susana-martinezs-2016-state-of-the-state-address/,http://newmexico.gop/press-release/,https://newmexico.gop/1357-2/,https://twitter.com/nmhousegop/status/694258601230102528,http://www.abqjournal.com/716665/news/new-mexico-democrats-face-pressure-over-real-id-fix.html,http://goo.gl/IrDGsc,http://www.kob.com/article/stories/s3739735.shtml,https://newmexico.gop/press-release-senate-boss-michael-sanchez-who-represents-dwi-offenders-kills-anti-dwi-legislation/,https://newmexico.gop/press-release-republican-party-of-new-mexico-releases-statement-on-death-of-justice-antonin-scalia/,https://twitter.com/pearce4nm/status/707582301375307776,https://twitter.com/danboydnm/status/707735090969751553,https://newmexico.gop/dpnm-newsletter-highlights-success-anti-dwi-bi"
28,HeatherCarterAZ,"https://shar.es/16G4Sn,http://fb.me/4oTieJETf,http://fb.me/6X72wd2HE,https://twitter.com/uaphxfamilymed/status/692417718532902912,http://fb.me/3lxDGpaPl,https://twitter.com/arma_docs/status/693498090469261316,https://twitter.com/kennedydana/status/694673383477374976,https://twitter.com/azhousegop/status/695356421177651201,https://twitter.com/carlylebegay/status/695629307113148416,https://twitter.com/kennedydana/status/697211251512856576,http://cronkitenews.azpbs.org/2016/02/10/cave-creek-bus-driver-goes-above-and-beyond-for-students/#.VrwxbCgZs4I.twitter,http://cronkitenews.azpbs.org/2016/02/10/cave-creek-bus-driver-goes-above-and-beyond-for-students/#.VrwyVY1YbjF.twitter,https://twitter.com/katemcgeeaz/status/701863687359852544,https://twitter.com/azhousegop/status/702546934045626368,https://twitter.com/drcarachrist/status/707291624729018368,https://twitter.com/azcounties/status/712384801810952192,https://cards.twitter.com/cards/qfdnmp/1m1ns,https://twitter.com/covey2016/status/716677054159138816,https://twi"
27,UtahGOP,"https://www.facebook.com/UTGOP,http://utah.gop/caucus-hq/,http://utah.gop/caucus-hq/,http://kutv.com/news/local/utahs-gop-chair-after-meeting-with-rnc-says-anything-is-possible,http://www.ksl.com/?sid=38416375&nid=148&fm=most_popular&s_cid=popular-5,https://secure.utah.gov/voterreg/index.html,https://www.facebook.com/UTGOP/,https://www.facebook.com/UTGOP/,http://m.washingtontimes.com/news/2016/feb/22/gop-presidential-debate-in-salt-lake-city-stirs-ex/,http://vote.utah.gov/vote/,http://www.utah.gop,https://www.ksl.com/?sid=38626928&nid=757,http://www.utah.gop,http://utah.gop/caucus-hq/,http://m.deseretnews.com/article/865648740/Utah-Mormons-urged-by-LDS-leaders-to-participate-in-caucus-meetings.html?ref=http%3A%2F%2Fm.facebook.com%2F,http://fox13now.com/2016/02/28/3-questions-with-bob-evans-james-evans-talks-republican-nomination/,http://www.utah.gop,http://www.facebook.com/UTGOP,http://www.utah.gop,http://www.utah.gop,http://www.utah.gop,http://vote.utah.gov,http://bit.ly/1VanXlu,https://www.facebook.com/UTGO"
25,NewYorkGOP,"https://twitter.com/fud31/status/686163791097282560,http://www.nygop.org,http://m.huffpost.com/us/entry/8913948,http://m.timesunion.com/tuplus-local/article/Churchill-Reasons-to-worry-about-15-minimum-wage-6772873.php,http://www.foxnews.com/politics/2016/01/21/flare-out-mega-solar-company-slashing-jobs-despite-govt-benefits.html?intcmp=hplnws,http://newyork.gop,http://bit.ly/1PIt1Nq,https://twitter.com/sarbetter/status/697770225480159232,http://newyork.gop,http://myemail.constantcontact.com/Statement-from-Chairman-Cox-on-the-Passing-of-Justice-Scalia.html?soid=1103025183816&aid=e80kn8rzn18,http://nypost.com/2016/02/21/andrew-cuomo-puts-politics-ahead-of-marios-legacy/,http://nypost.com/2016/02/26/andrew-cuomos-rv-tour-leaves-ethics-in-the-dust/,https://m.youtube.com/watch?v=L9gKbqi4Zcw&feature=youtu.be,http://www.syracuse.com/opinion/index.ssf/2016/03/ny_15_minimum_wage_beyond_emotion_economic_case_is_weak_editorial.html,http://nypost.com/2016/03/08/lester-chang-could-upend-new-york-city-politics/,http://vide"
20,scsenategop,"http://bit.ly/1RHyIeI,http://bit.ly/1lku8Vj,https://www.facebook.com/scsenategop/videos/10153870869282329/,http://youtu.be/GsVdNdI9qRk?a,http://youtu.be/GsVdNdI9qRk,http://youtu.be/7_eY7ToNEhA?a,http://wp.me/p6Ii9R-66,http://gu.com/p/4hzhq/stw,http://youtu.be/WyTkoWhKNy0?a,http://www.youtube.com/watch?v=WyTkoWhKNy0,http://www.scstatehouse.gov/sess121_2015-2016/bills/1023.htm,http://www.postandcourier.com/article/20160421/PC1603/160429863,http://www.thestate.com/news/politics-government/politics-columns-blogs/the-buzz/article73051912.html,http://www.postandcourier.com/article/20160420/PC1603/160429897,https://m.youtube.com/watch?v=F_uV3cbUkRI,http://www.scstatehouse.gov/currentbill.php?PAGE=CURRENT&chamber=S,http://www.postandcourier.com/article/20160430/PC1002/160439957,http://apne.ws/1VWMpsx,http://bit.ly/23a9QgA,http://PalmettoPolitics.com"
14,sdgop,"http://kelo.com/news/articles/2016/jan/04/noem-rounds-have-problems-with-obama-gun-control/,https://twitter.com/nelsonforsd/status/684359434227732480,http://southdakotagop.com/,http://rapidcityjournal.com/now/today/rcj/most-depressing-statistics-for-south-dakota-democrats/collection_b33a5104-af17-11e5-bd2c-ffc990587c58.html,http://www.foxbusiness.com/features/2016/01/11/fox-business-network-to-live-stream-gop-presidential-debates-january-14.html,https://www.youtube.com/watch?v=AqzGwlLCa9E&feature=youtu.be,http://www.keloland.com/newsdetail.cfm/iowa-caucuses-what-to-know-for-tonight/?id=190276,http://southdakotagop.com/how-to-become-a-delegate-or-alternate-to-the-gop-national-convention-in-cleveland/,http://southdakotagop.com/stay-informed/press-releases/sdgop-statement-on-candidacy-of-jay-williams/,https://www.youtube.com/watch?v=722Dr7OgArw&feature=youtu.be,https://gop.com/what-you-need-to-know-about-super-tuesday-all-in-one-place/,http://southdakotagop.com/how-to-become-a-delegate-or-alternate-to-the-gop-na"
13,NDGOP,"http://www.ndgop.org/?p=6879,http://bit.ly/1ONnBQF,http://spkrryan.us/1oaM5Yp,http://fb.me/48dsh5OhO,http://www.ustream.tv/channel/dwt9PkK8Drk,http://www.inforum.com/news/4000700-nd-republicans-endorse-hoeven-us-senate#.Vv_tljIaHmE.twitter,http://www.ustream.tv/channel/dwt9PkK8Drk,http://InForum.com,https://twitter.com/inforum/status/720817738709471232,https://twitter.com/ND37Republicans/status/724631805849038848,https://twitter.com/sayanythingblog/status/725675960830443520,https://twitter.com/stenehjemforgov/status/726465548188540928,https://twitter.com/stenehjemforgov/status/727300954580623361"
13,VASenateGOP,"http://fb.me/4bqZaixOu,http://fb.me/4ZWCceSuJ,http://fb.me/7c0UEwoRE,http://fb.me/6nyhFdimq,http://fb.me/7VrMGXtMr,http://fb.me/4AJ6u44xf,http://fb.me/7730TeWTh,http://fb.me/70EYjFWR9,http://fb.me/XRKhlh1w,http://fb.me/4biGiLwwu,http://fb.me/4C1IG5h7c,http://fb.me/2ADlKBnqt,http://fb.me/87mQzZXTt"
8,IASenateGOP,"http://iasen.gop/011116,http://iasen.gop/1OmCV3f,http://iasen.gop/1OmCV3f,https://twitter.com/CliveChamber/status/701097299062095873,http://dmreg.co/1QP8Uh2,https://twitter.com/IAHouseGOP/status/706872185961390081,http://iasen.gop/1WLF1g5,http://iasen.gop/25AQHZg"
7,AZSenateGOP,"http://tinyurl.com/hgtttdw,http://tinyurl.com/jrx8sjx,http://tinyurl.com/h8lbety,http://tinyurl.com/h7hsacq,http://tinyurl.com/hmvmbgu,http://www.azcentral.com/story/opinion/op-ed/robertrobb/2016/02/04/robb-breakthrough-pension-reform/79833842/,http://tinyurl.com/h2or8m9"
6,KansasSenateGOP,"http://www.therepublic.com/view/story/d2beb395c7ff43d8842c3ceab9e57869/KS--Legislature-Opening-Day,http://www.kslegresearch.org/KLRD-web/Publications/AppropriationsRevenue/KansasStatewideEfficiencyInterimRpt2016Jan12.pdf,http://kansas.gov,http://www.kansansforjustice.com,http://www.morningsun.net/news/20160122/law-would-require-local-vote-on-taxes,https://kansasmoney.gov/"
6,BoyerAZ,"http://azc.cc/1pddKZx,http://www.azcentral.com/picture-gallery/money/business/jobs/2016/03/29/arizona-companies-hiring-100-or-more-in-april/82395676/,http://azc.cc/1MR8x3G,http://www.azcentral.com/story/opinion/op-ed/2016/04/04/legal-marijuana-arizona-law-enforcement/82439470/,http://www.azcentral.com/story/opinion/editorial/2016/04/19/proposition-123-endorsement/83248166/?hootPostID=dbd56fb24052465ed9fcc48ed4409ece,http://goo.gl/fb/He6VrQ"
5,NEGOP,"https://gop.com/clinton-stumbles-on-fresh-questions-regarding-emails/,http://www.netnebraska.org/interactive-multimedia/government/legislative-hearing-revenue-room-1524-52,https://www.youtube.com/watch?v=jDnEqo6p878,http://conta.cc/20QCt2D,http://journalstar.com/legislature/article_e828402d-0061-5e3c-a7f8-131fd1f2cd08.html"
4,ILSRCC,"http://trib.in/1X4b5fB,http://bit.ly/1RR5FAl,http://chicago.suntimes.com/politics/brown-democrats-redistricting-hocus-pocus-dominocus/,https://myrefund.illinoiscomptroller.com/"
1,prashant4nov,http://pawsitivepetsit.com/wp-content/uploads/2015/03/Pets.jpg
